title,link,section
Official: China-CEEC transport cooperation to be enhanced for mutual benefit,https://www.chinadaily.com.cn/a/202507/08/WS686d1144a31000e9a573ad99.html,economy
Sweeping taxation support helps propel nation's innovative sectors,https://www.chinadaily.com.cn/a/202507/08/WS686c773da31000e9a573ab7e.html,economy
Unified market boost for foreign investors,https://www.chinadaily.com.cn/a/202507/08/WS686c6faba31000e9a573aaef.html,economy
China's forex reserves up to highest level in almost a decade,https://www.chinadaily.com.cn/a/202507/07/WS686bacaaa31000e9a573a9dc.html,economy
China unveils plan to boost domestic service industry,https://www.chinadaily.com.cn/a/202507/07/WS686b77b0a31000e9a573a96e.html,economy
"Shanghai, HK twin engines of financial strength",https://www.chinadaily.com.cn/a/202507/07/WS686b2107a31000e9a573a79f.html,economy
Steps taken against EU medical device curbs,https://www.chinadaily.com.cn/a/202507/07/WS686b0acfa31000e9a573a6e4.html,economy
China responds to EU ban with import restrictions of medical equipment,https://www.chinadaily.com.cn/a/202507/06/WS686a7cffa31000e9a573a69c.html,economy
"Economist: China, US may reach balanced trade deal",https://www.chinadaily.com.cn/a/202507/06/WS686a5608a31000e9a573a68b.html,economy
China to take measures against medical devices imported from EU,https://www.chinadaily.com.cn/a/202507/06/WS686a318fa31000e9a573a665.html,economy
China accepts price undertakings from 34 EU firms in final ruling on brandy anti-dumping probe,https://www.chinadaily.com.cn/a/202507/05/WS6868de2fa31000e9a573a542.html,economy
China to expand FTZ pilot programs,https://www.chinadaily.com.cn/a/202507/05/WS6868739da31000e9a573a477.html,economy
"Saving time, reclaiming the market",https://www.chinadaily.com.cn/a/202507/05/WS6868729da31000e9a573a470.html,economy
Capital market set for further policy boost,https://www.chinadaily.com.cn/a/202507/04/WS6867f7c6a31000e9a573a42e.html,economy
China issues final ruling of anti-dumping probe into EU brandy imports,https://www.chinadaily.com.cn/a/202507/04/WS6867a7bba31000e9a573a3e6.html,economy
Policy shift propels duty-free shopping in Hainan,https://www.chinadaily.com.cn/a/202507/04/WS68679502a31000e9a573a3c1.html,economy
China finds EU brandy dumped,https://www.chinadaily.com.cn/a/202507/04/WS68678b6fa31000e9a573a39d.html,economy
"'Bold innovations' in fiscal policy key to unlocking China's consumer power, expert says",https://www.chinadaily.com.cn/a/202507/04/WS6867772ca31000e9a573a351.html,economy
China urges cooperation as US lifts trade restrictions,https://www.chinadaily.com.cn/a/202507/04/WS686761a9a31000e9a573a2f1.html,economy
"China, US confirm details to implement leaders' consensus",https://www.chinadaily.com.cn/a/202507/04/WS68675c4fa31000e9a573a2ef.html,economy
FMI opening enrollment for first exams in China,https://www.chinadaily.com.cn/a/202507/08/WS686ce32aa31000e9a573ad61.html,companies
Pop Mart plane makes debut flight to celebrate China-Thailand anniversary,https://www.chinadaily.com.cn/a/202507/07/WS686bd497a31000e9a573aa03.html,companies
Anhui firm breaks foreign monopoly in IC substrates,https://www.chinadaily.com.cn/a/202507/07/WS686bb682a31000e9a573a9e9.html,companies
Where machines think: A visit to Weichai's intelligent factory,https://www.chinadaily.com.cn/a/202507/07/WS686b9691a31000e9a573a9bb.html,companies
Swiss company ABB expands robotics market in China,https://www.chinadaily.com.cn/a/202507/07/WS686b56f4a31000e9a573a8ff.html,companies
LG Electronics' preliminary operating profit posts double-digit fall in Q2,https://www.chinadaily.com.cn/a/202507/07/WS686b3fbba31000e9a573a8c1.html,companies
Innovation boosts Tongling's copper industry,https://www.chinadaily.com.cn/a/202507/06/WS686a4612a31000e9a573a67f.html,companies
China's first Legoland resort opens in Shanghai,https://www.chinadaily.com.cn/a/202507/05/WS686921dda31000e9a573a56e.html,companies
Legoland Shanghai Resort opens as China's first,https://www.chinadaily.com.cn/a/202507/05/WS6868f138a31000e9a573a54a.html,companies
Wuhu city propels homegrown aircraft innovation,https://www.chinadaily.com.cn/a/202507/05/WS6868c06aa31000e9a573a525.html,companies
Transformation revving up production,https://www.chinadaily.com.cn/a/202507/05/WS686873b2a31000e9a573a47a.html,companies
"Buka solar project completes construction, highlighting Sino-Uzbek energy cooperation",https://www.chinadaily.com.cn/a/202507/04/WS6867e1cda31000e9a573a42a.html,companies
Exporters pursue new markets amid tariff woes,https://www.chinadaily.com.cn/a/202507/04/WS68673c3ea31000e9a573a24e.html,companies
TotalEnergies exec: China key engine for innovation,https://www.chinadaily.com.cn/a/202507/04/WS686736bca31000e9a573a221.html,companies
Key chip firms say US export ban lifted,https://www.chinadaily.com.cn/a/202507/04/WS686727eba31000e9a573a101.html,companies
IWG targets growth in China's evolving office market,https://www.chinadaily.com.cn/a/202507/03/WS686661bda31000e9a573a008.html,companies
Siemens says US tech export ban lifted,https://www.chinadaily.com.cn/a/202507/03/WS68660d2da31000e9a5739f30.html,companies
Luckin Coffee brews big plan for US market,https://www.chinadaily.com.cn/a/202507/03/WS6865ea73a31000e9a5739e65.html,companies
ACWA Power to boost footprint in China,https://www.chinadaily.com.cn/a/202507/03/WS6865e5aca31000e9a5739e45.html,companies
Miat launches Shanghai-Ulan Bator flights,https://www.chinadaily.com.cn/a/202507/03/WS6865e19fa31000e9a5739dfc.html,companies
Chinaâ€™s A-share market rises despite US tariff threat,https://www.chinadaily.com.cn/a/202507/08/WS686ce6a7a31000e9a573ad72.html,biz_industries
Turning mining sites into solar power assets,https://www.chinadaily.com.cn/a/202507/08/WS686c7a1ca31000e9a573abc1.html,biz_industries
China backing Europe's green energy transition,https://www.chinadaily.com.cn/a/202507/08/WS686c79eba31000e9a573abbb.html,biz_industries
Theme parks adding to tourism boom nationwide,https://www.chinadaily.com.cn/a/202507/08/WS686c77c8a31000e9a573ab99.html,biz_industries
Power demand to rise steadily in '25,https://www.chinadaily.com.cn/a/202507/08/WS686c7782a31000e9a573ab88.html,biz_industries
Nation making rapid progress in renewables,https://www.chinadaily.com.cn/a/202507/08/WS686c7671a31000e9a573ab5b.html,biz_industries
Intl ambassadors appointed to promote China's ecological civilization achievements,https://www.chinadaily.com.cn/a/202507/07/WS686b930ca31000e9a573a9a7.html,biz_industries
31st Lanzhou investment and trade fair draws global participation,https://www.chinadaily.com.cn/a/202507/07/WS686b3b37a31000e9a573a8b0.html,biz_industries
New generating unit at SW China hydropower station starts operation,https://www.chinadaily.com.cn/a/202507/07/WS686b3707a31000e9a573a89f.html,biz_industries
China's farthest offshore wind farm begins operation,https://www.chinadaily.com.cn/a/202507/07/WS686b3682a31000e9a573a89c.html,biz_industries
Robots are making waves in Guangdong,https://www.chinadaily.com.cn/a/202507/07/WS686b2bcea31000e9a573a837.html,biz_industries
Growth revamp calls for greater efforts to boost consumption,https://www.chinadaily.com.cn/a/202507/07/WS686b2319a31000e9a573a7c4.html,biz_industries
Summer box office heating up,https://www.chinadaily.com.cn/a/202507/07/WS686aa3f1a31000e9a573a6a8.html,biz_industries
Tough action to help growth of photovoltaic biz,https://www.chinadaily.com.cn/a/202507/05/WS68687026a31000e9a573a468.html,biz_industries
Electricity demand set for further uptick,https://www.chinadaily.com.cn/a/202507/04/WS68679f18a31000e9a573a3de.html,biz_industries
Shanghai composite hits year-to-date high on reform optimism,https://www.chinadaily.com.cn/a/202507/04/WS68678532a31000e9a573a396.html,biz_industries
Hi-tech manufacturers get 636b yuan tax breaks,https://www.chinadaily.com.cn/a/202507/04/WS6867797ca31000e9a573a356.html,biz_industries
Lithium battery hub making waves in solid-state landscape,https://www.chinadaily.com.cn/a/202507/04/WS68673cb8a31000e9a573a257.html,biz_industries
China's low-altitude industry advancing at pace,https://www.chinadaily.com.cn/a/202507/04/WS68673b6ea31000e9a573a249.html,biz_industries
Mainland financial players eye HK virtual asset chances,https://www.chinadaily.com.cn/a/202507/04/WS68672e9ea31000e9a573a1b6.html,biz_industries
WIC briefs media on Digital Silk Road Development Forum,https://www.chinadaily.com.cn/a/202507/07/WS686b82dea31000e9a573a981.html,tech
Advances in 5G transforming biz,https://www.chinadaily.com.cn/a/202507/07/WS686b1f82a31000e9a573a785.html,tech
"Its real value hidden in coal mines, sweltering steel mills",https://www.chinadaily.com.cn/a/202507/07/WS686b1e58a31000e9a573a77a.html,tech
Tech applications spur private firms' rise,https://www.chinadaily.com.cn/a/202507/04/WS68673a40a31000e9a573a238.html,tech
Domestic chip firms riding out tariff storm,https://www.chinadaily.com.cn/a/202507/03/WS6865ec27a31000e9a5739e7c.html,tech
Promoting digital evolution of urban areas,https://www.chinadaily.com.cn/a/202507/03/WS6865db28a31000e9a5739da7.html,tech
Hefei and NEVs: A two-way drive,https://www.chinadaily.com.cn/a/202507/02/WS68650ac6a31000e9a5739c93.html,tech
Sino-German cooperation key to AI advances,https://www.chinadaily.com.cn/a/202507/02/WS68648d30a31000e9a5739aec.html,tech
Expert: Hydrogen 'energy artery' to bolster green transport,https://www.chinadaily.com.cn/a/202506/30/WS68627737a31000e9a57395ce.html,tech
AI digital employees set to compete on the global stage,https://www.chinadaily.com.cn/a/202506/30/WS6862371aa31000e9a5739557.html,tech
CHN Energy launches world's first large-scale AI model for power generation,https://www.chinadaily.com.cn/a/202506/30/WS68621d07a31000e9a57394ed.html,tech
"AI opens doors to efficient, convenient and personalized banking",https://www.chinadaily.com.cn/a/202506/30/WS6861f0d1a31000e9a573942f.html,tech
Pushing nation's technological frontiers,https://www.chinadaily.com.cn/a/202506/30/WS6861e986a31000e9a57393f2.html,tech
Sci-tech sector maturing rapidly amid incentives,https://www.chinadaily.com.cn/a/202506/30/WS6861e874a31000e9a57393da.html,tech
Chinese company unveils smart laser weeding robot,https://www.chinadaily.com.cn/a/202506/29/WS68611c1ba31000e9a57392e0.html,tech
China-built electric vertical take-off and landing aircraft gears up for airworthiness certification,https://www.chinadaily.com.cn/a/202506/28/WS685fa530a31000e9a57391f7.html,tech
Intelligent robot models debut at an expo in Dalian,https://www.chinadaily.com.cn/a/202506/27/WS685e8de4a31000e9a57390b9.html,tech
Vivo unveils world's lightest foldable smartphone,https://www.chinadaily.com.cn/a/202506/27/WS685e532ba31000e9a5739046.html,tech
Tech advances to drive growth,https://www.chinadaily.com.cn/a/202506/27/WS685def6ba310a04af22c8c7d.html,tech
Green bus 'exhaust water' a breakthrough,https://www.chinadaily.com.cn/a/202506/27/WS685deefea310a04af22c8c79.html,tech
