,news_title,news_link,news_date
0,Official: China-CEEC transport cooperation to be enhanced for mutual benefit,https://www.chinadaily.com.cn/a/202507/08/WS686d1144a31000e9a573ad99.html,2025-07-08 20:38
1,Sweeping taxation support helps propel nation's innovative sectors,https://www.chinadaily.com.cn/a/202507/08/WS686c773da31000e9a573ab7e.html,2025-07-08 09:41
2,Unified market boost for foreign investors,https://www.chinadaily.com.cn/a/202507/08/WS686c6faba31000e9a573aaef.html,2025-07-08 09:08
3,China's forex reserves up to highest level in almost a decade,https://www.chinadaily.com.cn/a/202507/07/WS686bacaaa31000e9a573a9dc.html,2025-07-07 19:16
4,China unveils plan to boost domestic service industry,https://www.chinadaily.com.cn/a/202507/07/WS686b77b0a31000e9a573a96e.html,2025-07-07 15:30
5,"Shanghai, HK twin engines of financial strength",https://www.chinadaily.com.cn/a/202507/07/WS686b2107a31000e9a573a79f.html,2025-07-07 09:21
6,Steps taken against EU medical device curbs,https://www.chinadaily.com.cn/a/202507/07/WS686b0acfa31000e9a573a6e4.html,2025-07-07 07:46
7,China responds to EU ban with import restrictions of medical equipment,https://www.chinadaily.com.cn/a/202507/06/WS686a7cffa31000e9a573a69c.html,2025-07-06 21:41
8,"Economist: China, US may reach balanced trade deal",https://www.chinadaily.com.cn/a/202507/06/WS686a5608a31000e9a573a68b.html,2025-07-06 18:55
9,China to take measures against medical devices imported from EU,https://www.chinadaily.com.cn/a/202507/06/WS686a318fa31000e9a573a665.html,2025-07-06 16:19
10,China accepts price undertakings from 34 EU firms in final ruling on brandy anti-dumping probe,https://www.chinadaily.com.cn/a/202507/05/WS6868de2fa31000e9a573a542.html,2025-07-05 16:11
11,China to expand FTZ pilot programs,https://www.chinadaily.com.cn/a/202507/05/WS6868739da31000e9a573a477.html,2025-07-05 08:36
12,"Saving time, reclaiming the market",https://www.chinadaily.com.cn/a/202507/05/WS6868729da31000e9a573a470.html,2025-07-05 08:32
13,Capital market set for further policy boost,https://www.chinadaily.com.cn/a/202507/04/WS6867f7c6a31000e9a573a42e.html,2025-07-04 23:48
14,China issues final ruling of anti-dumping probe into EU brandy imports,https://www.chinadaily.com.cn/a/202507/04/WS6867a7bba31000e9a573a3e6.html,2025-07-04 18:06
15,Policy shift propels duty-free shopping in Hainan,https://www.chinadaily.com.cn/a/202507/04/WS68679502a31000e9a573a3c1.html,2025-07-04 16:46
16,China finds EU brandy dumped,https://www.chinadaily.com.cn/a/202507/04/WS68678b6fa31000e9a573a39d.html,2025-07-04 16:06
17,"'Bold innovations' in fiscal policy key to unlocking China's consumer power, expert says",https://www.chinadaily.com.cn/a/202507/04/WS6867772ca31000e9a573a351.html,2025-07-04 14:39
18,China urges cooperation as US lifts trade restrictions,https://www.chinadaily.com.cn/a/202507/04/WS686761a9a31000e9a573a2f1.html,2025-07-04 13:07
19,"China, US confirm details to implement leaders' consensus",https://www.chinadaily.com.cn/a/202507/04/WS68675c4fa31000e9a573a2ef.html,2025-07-04 12:45
